img_name,label
0,4
1,0
2,0
3,0
4,0
5,1
6,3
7,1
8,1
9,1
10,3
11,4
12,0
13,1
14,1
15,1
16,0
17,0
18,0
19,1
20,0
21,0
22,4
23,0
24,4
25,2
26,5
27,0
28,4
29,0
30,4
31,5
32,1
33,0
34,5
35,0
36,0
37,4
38,1
39,5
40,4
41,4
42,0
43,0
44,1
45,1
46,4
47,4
48,4
49,3
50,1
51,0
52,4
53,0
54,1
55,1
56,1
57,0
58,1
59,1
60,0
61,0
62,5
63,0
64,4
65,0
66,1
67,0
68,1
69,1
70,0
71,1
72,1
73,0
74,3
75,0
76,4
77,1
78,0
79,1
80,0
81,0
82,0
83,4
84,4
85,5
86,4
87,0
88,0
89,5
90,4
91,1
92,0
93,0
94,1
95,1
96,1
97,0
98,4
99,4
100,1
101,0
102,0
103,1
104,1
105,1
106,4
107,5
108,1
109,0
110,1
111,4
112,0
113,4
114,1
115,1
116,1
117,0
118,0
119,0
120,4
121,4
122,4
123,0
124,1
125,4
126,1
127,1
128,0
129,1
130,1
131,0
132,0
133,0
134,0
135,0
136,4
137,4
138,0
139,0
140,1
141,0
142,0
143,4
144,4
145,1
146,4
147,1
148,1
149,1
150,1
151,0
152,4
153,3
154,1
155,0
156,4
157,0
158,1
159,4
160,0
161,3
162,4
163,1
164,4
165,1
166,0
167,1
168,0
169,4
170,0
171,1
172,1
173,1
174,0
175,1
176,0
177,1
178,1
179,0
180,1
181,1
182,1
183,0
184,1
185,0
186,1
187,1
188,1
189,1
190,5
191,0
192,0
193,1
194,4
195,1
196,1
197,1
198,0
199,3
200,4
201,0
202,1
203,4
204,0
205,1
206,0
207,1
208,1
209,0
210,1
211,1
212,0
213,0
214,0
215,0
216,0
217,4
218,4
219,4
220,1
221,1
222,0
223,1
224,1
225,0
226,0
227,0
228,1
229,5
230,0
231,1
232,4
233,1
234,0
235,0
236,0
237,0
238,4
239,5
240,1
241,1
242,4
243,3
244,0
245,0
246,1
247,1
248,4
249,4
250,4
251,0
252,0
253,1
254,0
255,1
256,0
257,1
258,1
259,0
260,0
261,4
262,0
263,1
264,4
265,0
266,0
267,0
268,1
269,0
270,0
271,4
272,0
273,4
274,1
275,1
276,1
277,0
278,0
279,1
280,1
281,0
282,1
283,1
284,0
285,0
286,0
287,1
288,0
289,5
290,4
291,0
292,1
293,1
294,1
295,1
296,0
297,0
298,0
299,1
300,0
301,0
302,0
303,0
304,1
305,4
306,3
307,0
308,1
309,0
310,0
311,0
312,0
313,0
314,0
315,0
316,0
317,0
318,0
319,1
320,0
321,1
322,0
323,0
324,4
325,0
326,1
327,4
328,1
329,0
330,1
331,1
332,4
333,1
334,0
335,0
336,1
337,4
338,0
339,0
340,1
341,1
342,0
343,4
344,0
345,0
346,0
347,1
348,3
349,1
350,1
351,0
352,1
353,1
354,0
355,0
356,1
357,1
358,0
359,0
360,0
361,1
362,0
363,0
364,0
365,3
366,0
367,0
368,1
369,0
370,4
371,5
372,0
373,0
374,1
375,5
376,1
377,1
378,2
379,1
380,0
381,4
382,4
383,0
384,0
385,0
386,1
387,1
388,0
389,0
390,0
391,0
392,4
393,0
394,0
395,0
396,1
397,1
398,0
399,1
400,0
401,1
402,4
403,5
404,0
405,0
406,4
407,0
408,0
409,0
410,0
411,0
412,0
413,1
414,5
415,1
416,1
417,0
418,4
419,1
420,4
421,1
422,1
423,0
424,1
425,0
426,1
427,3
428,1
429,1
430,4
431,1
432,5
433,4
434,1
435,0
436,0
437,0
438,5
439,1
440,4
441,0
442,1
443,4
444,4
445,0
446,0
447,1
448,4
449,1
450,0
451,1
452,0
453,1
454,0
455,0
456,1
457,0
458,3
459,4
460,0
461,0
462,0
463,0
464,4
465,1
466,0
467,1
468,4
469,0
470,3
471,1
472,1
473,0
474,0
475,0
476,1
477,0
478,0
479,1
480,5
481,0
482,1
483,4
484,0
485,0
486,1
487,1
488,0
489,1
490,2
491,0
492,1
493,1
494,4
495,0
496,4
497,0
498,1
499,4
500,4
501,1
502,4
503,0
504,0
505,0
506,0
507,4
508,0
509,1
510,0
511,0
512,1
513,4
514,0
515,1
516,4
517,1
518,0
519,1
520,5
521,0
522,0
523,1
524,5
525,2
526,1
527,0
528,1
529,1
530,4
531,1
532,4
533,1
534,1
535,1
536,0
537,1
538,1
539,0
540,1
541,0
542,5
543,0
544,0
545,0
546,1
547,0
548,0
549,0
550,4
551,1
552,4
553,0
554,0
555,2
556,1
557,0
558,4
559,1
560,0
561,0
562,0
563,0
564,1
565,0
566,1
567,0
568,0
569,0
570,4
571,0
572,1
573,0
574,0
575,0
576,1
577,0
578,0
579,0
580,5
581,1
582,0
583,0
584,1
585,1
586,4
587,0
588,1
589,2
590,1
591,1
592,1
593,0
594,1
595,4
596,0
597,0
598,0
599,1
600,0
601,0
602,1
603,4
604,0
605,0
606,0
607,1
608,1
609,1
610,0
611,0
612,4
613,0
614,4
615,1
616,0
617,0
618,0
619,0
620,1
621,2
622,1
623,0
624,2
625,4
626,4
627,1
628,0
629,1
630,3
631,0
632,0
633,5
634,1
635,4
636,4
637,0
638,1
639,4
640,0
641,0
642,1
643,0
644,1
645,1
646,1
647,4
648,4
649,1
650,1
651,0
652,4
653,0
654,3
655,0
656,0
657,0
658,1
659,4
660,1
661,1
662,4
663,4
664,1
665,4
666,1
667,4
668,1
669,5
670,0
671,1
672,1
673,0
674,4
675,0
676,0
677,1
678,0
679,0
680,4
681,0
682,4
683,4
684,4
685,4
686,0
687,0
688,0
689,0
690,0
691,0
692,1
693,1
694,0
695,4
696,4
697,0
698,0
699,4
700,0
701,0
702,1
703,1
704,3
705,4
706,1
707,4
708,4
709,0
710,4
711,4
712,1
713,1
714,0
715,0
716,0
717,0
718,0
719,1
720,0
721,0
722,1
723,0
724,1
725,4
726,0
727,4
728,0
729,0
730,0
731,1
732,1
733,0
734,1
735,0
736,0
737,0
738,4
739,0
740,0
741,0
742,5
743,5
744,0
745,5
746,0
747,4
748,5
749,4
750,0
751,1
752,1
753,1
754,0
755,1
756,1
757,0
758,1
759,3
760,4
761,0
762,0
763,1
764,0
765,4
766,4
767,1
768,0
769,1
770,0
771,4
772,4
773,0
774,1
775,3
776,4
777,4
778,0
779,1
780,1
781,0
782,4
783,0
784,0
785,4
786,1
787,1
788,4
789,4
790,0
791,0
792,0
793,1
794,0
795,4
796,1
797,1
798,4
799,0
800,0
801,1
802,0
803,0
804,4
805,1
806,5
807,1
808,4
809,1
810,0
811,1
812,0
813,5
814,0
815,0
816,4
817,0
818,1
819,0
820,0
821,0
822,0
823,1
824,0
825,0
826,2
827,1
828,0
829,0
830,0
831,4
832,0
833,1
834,0
835,0
836,1
837,0
838,1
839,1
840,0
841,0
842,0
843,1
844,0
845,4
846,0
847,1
848,1
849,0
850,0
851,0
852,4
853,0
854,0
855,0
856,0
857,4
858,4
859,0
860,4
861,4
862,4
863,0
864,4
865,1
866,2
867,4
868,0
869,4
870,0
871,0
872,1
873,4
874,1
875,0
876,0
877,0
878,1
879,0
880,0
881,0
882,0
883,4
884,5
885,0
886,2
887,4
888,0
889,1
890,1
891,4
892,5
893,0
894,5
895,1
896,0
897,5
898,1
899,4
900,0
901,0
902,0
903,0
904,0
905,5
906,1
907,1
908,0
909,4
910,0
911,1
912,1
913,1
914,4
915,1
916,1
917,0
918,1
919,1
920,1
921,0
922,4
923,0
924,0
925,5
926,0
927,0
928,1
929,4
930,1
931,4
932,0
933,0
934,0
935,1
936,0
937,0
938,1
939,1
940,0
941,0
942,1
943,4
944,4
945,0
946,1
947,1
948,1
949,1
950,0
951,1
952,0
953,4
954,1
955,3
956,3
957,4
958,0
959,3
960,0
961,1
962,0
963,1
964,4
965,0
966,0
967,3
968,1
969,0
970,1
971,5
972,0
973,1
974,0
975,4
976,4
977,4
978,0
979,1
980,1
981,1
982,0
983,0
984,5
985,1
986,0
987,0
988,1
989,0
990,4
991,4
992,4
993,4
994,4
995,0
996,0
997,0
998,0
999,0
1000,1
1001,0
1002,0
1003,0
1004,0
1005,0
1006,0
1007,0
1008,0
1009,1
1010,1
1011,0
1012,0
1013,1
1014,1
1015,0
1016,0
1017,0
1018,4
1019,4
1020,4
1021,4
1022,0
1023,0
1024,1
1025,1
1026,4
1027,1
1028,5
1029,1
1030,1
1031,1
1032,0
1033,1
1034,0
1035,4
1036,5
1037,0
1038,0
1039,1
1040,4
1041,4
1042,1
1043,0
1044,0
1045,1
1046,1
1047,2
1048,0
1049,0
1050,4
1051,0
1052,0
1053,0
1054,0
1055,4
1056,0
1057,1
1058,0
1059,1
1060,0
1061,1
1062,4
1063,0
1064,4
1065,4
1066,1
1067,1
1068,1
1069,1
1070,0
1071,0
1072,1
1073,0
1074,1
1075,4
1076,4
1077,4
1078,4
1079,4
1080,5
1081,0
1082,0
1083,0
1084,5
1085,0
1086,0
1087,0
1088,0
1089,1
1090,1
1091,4
1092,0
1093,4
1094,0
1095,1
1096,0
1097,4
1098,0
1099,4
1100,0
1101,4
1102,0
1103,4
1104,0
1105,1
1106,1
1107,1
1108,1
1109,0
1110,2
1111,0
1112,0
1113,0
1114,1
1115,0
1116,4
1117,0
1118,0
1119,0
1120,0
1121,1
1122,1
1123,1
1124,0
1125,0
1126,1
1127,0
1128,0
1129,0
1130,1
1131,0
1132,0
1133,2
1134,4
1135,4
1136,0
1137,3
1138,4
1139,1
1140,3
1141,1
1142,1
1143,3
1144,0
1145,0
1146,1
1147,5
1148,5
1149,5
1150,0
1151,1
1152,0
1153,1
1154,0
1155,0
1156,1
1157,3
1158,1
1159,0
1160,0
1161,0
1162,0
1163,1
1164,0
1165,1
1166,1
1167,2
1168,1
1169,0
1170,1
1171,4
1172,0
1173,3
1174,1
1175,1
1176,0
1177,4
1178,4
1179,0
1180,1
1181,4
1182,1
1183,5
1184,1
1185,0
1186,0
1187,1
1188,0
1189,4
1190,0
1191,4
1192,0
1193,0
1194,5
1195,0
1196,0
1197,1
1198,0
1199,1
1200,0
1201,4
1202,3
1203,1
1204,1
1205,4
1206,1
1207,0
1208,4
1209,0
1210,5
1211,0
1212,4
1213,4
1214,1
1215,1
1216,3
1217,1
1218,1
1219,0
1220,4
1221,1
1222,0
1223,1
1224,1
1225,0
1226,4
1227,0
1228,1
1229,1
1230,0
1231,1
1232,0
1233,0
1234,4
1235,4
1236,0
1237,3
1238,0
1239,0
1240,0
1241,1
1242,1
1243,4
1244,1
1245,0
1246,1
1247,0
1248,1
1249,0
1250,1
1251,1
1252,1
1253,0
1254,5
1255,1
1256,0
1257,4
1258,3
1259,1
1260,1
1261,4
1262,4
1263,0
1264,2
1265,0
1266,1
1267,0
1268,0
1269,4
1270,0
1271,0
1272,4
1273,4
1274,0
1275,4
1276,4
1277,5
1278,0
1279,0
1280,4
1281,1
1282,1
1283,0
1284,0
1285,0
1286,1
1287,4
1288,0
1289,1
1290,0
1291,1
1292,1
1293,4
1294,1
1295,0
1296,0
1297,4
1298,1
1299,1
1300,0
1301,1
1302,0
1303,0
1304,0
1305,4
1306,0
1307,4
1308,1
1309,4
1310,0
1311,4
1312,4
1313,1
1314,0
1315,0
1316,0
1317,4
1318,1
1319,5
1320,0
1321,0
1322,1
1323,1
1324,0
1325,1
1326,4
1327,4
1328,0
1329,0
1330,0
1331,3
1332,0
1333,0
1334,4
1335,4
1336,1
1337,4
1338,1
1339,1
1340,4
1341,0
1342,4
1343,4
1344,1
1345,4
1346,0
1347,0
1348,4
1349,0
1350,1
1351,1
1352,4
1353,1
1354,4
1355,4
1356,0
1357,4
1358,0
1359,0
1360,0
1361,0
1362,1
1363,0
1364,0
1365,0
1366,1
1367,1
1368,0
1369,0
1370,4
1371,4
1372,1
1373,0
1374,0
1375,0
1376,0
1377,4
1378,4
1379,4
1380,0
1381,4
1382,0
1383,1
1384,1
1385,0
1386,0
1387,1
1388,4
1389,4
1390,4
1391,1
1392,3
1393,5
1394,4
1395,5
1396,0
1397,0
1398,0
1399,1
1400,1
1401,1
1402,1
1403,1
1404,4
1405,0
1406,4
1407,4
1408,4
1409,1
1410,4
1411,0
1412,0
1413,1
1414,4
1415,4
1416,1
1417,0
1418,0
1419,1
1420,1
1421,0
1422,1
1423,0
1424,4
1425,1
1426,1
1427,1
1428,1
1429,0
1430,1
1431,4
1432,0
1433,0
1434,0
1435,1
1436,0
1437,0
1438,1
1439,0
1440,1
1441,0
1442,0
1443,0
1444,1
1445,0
1446,1
1447,4
1448,1
1449,0
1450,0
1451,4
1452,5
1453,1
1454,3
1455,5
1456,4
1457,0
1458,1
1459,4
1460,0
1461,1
1462,4
1463,0
1464,0
1465,1
1466,1
1467,0
1468,0
1469,4
1470,0
1471,1
1472,0
1473,0
1474,4
1475,0
1476,1
1477,4
1478,0
1479,0
1480,1
1481,1
1482,1
1483,1
1484,0
1485,0
1486,1
1487,0
1488,3
1489,4
1490,4
1491,1
1492,0
1493,1
1494,0
1495,1
1496,1
1497,0
1498,0
1499,4
1500,0
1501,1
1502,1
1503,4
1504,0
1505,4
1506,0
1507,5
1508,1
1509,1
1510,4
1511,1
1512,0
1513,0
1514,0
1515,0
1516,4
1517,0
1518,1
1519,0
1520,0
1521,1
1522,4
1523,0
1524,1
1525,4
1526,4
1527,1
1528,1
1529,1
1530,1
1531,5
1532,0
1533,5
1534,0
1535,4
1536,0
1537,4
1538,1
1539,1
1540,4
1541,5
1542,0
1543,0
1544,4
1545,0
1546,1
1547,4
1548,4
1549,4
1550,4
1551,4
1552,1
1553,0
1554,0
1555,1
1556,0
1557,0
1558,0
1559,5
1560,4
1561,0
1562,0
1563,0
1564,0
1565,4
1566,0
1567,4
1568,0
1569,0
1570,1
1571,0
1572,0
1573,1
1574,4
1575,1
1576,4
1577,0
1578,4
1579,0
1580,0
1581,4
1582,4
1583,1
1584,1
1585,0
1586,4
1587,0
1588,1
1589,0
1590,0
1591,1
1592,1
1593,0
1594,1
1595,0
1596,0
1597,1
1598,1
1599,1
1600,1
1601,4
1602,1
1603,1
1604,0
1605,1
1606,1
1607,1
1608,1
1609,4
1610,4
1611,1
1612,1
1613,1
1614,1
1615,1
1616,1
1617,1
1618,4
1619,1
1620,1
1621,0
1622,0
1623,1
1624,1
1625,1
1626,0
1627,0
1628,0
1629,4
1630,1
1631,4
1632,0
1633,4
1634,0
1635,1
1636,4
1637,1
1638,0
1639,0
1640,1
1641,1
1642,0
1643,1
1644,0
1645,1
1646,0
1647,0
1648,5
1649,0
1650,1
1651,1
1652,4
1653,1
1654,0
1655,4
1656,0
1657,0
1658,1
1659,0
1660,3
1661,1
1662,1
1663,5
1664,1
1665,0
1666,1
1667,4
1668,4
1669,1
1670,1
1671,5
1672,3
1673,4
1674,5
1675,0
1676,0
1677,1
1678,0
1679,1
1680,0
1681,0
1682,0
1683,0
1684,4
1685,0
1686,0
1687,0
1688,0
1689,1
1690,1
1691,1
1692,1
1693,1
1694,0
1695,0
1696,0
1697,0
1698,4
1699,3
1700,0
1701,1
1702,1
1703,0
1704,0
1705,4
1706,1
1707,1
1708,1
1709,5
1710,0
1711,0
1712,0
1713,0
1714,0
1715,0
1716,1
1717,5
1718,0
1719,0
1720,1
1721,1
1722,0
1723,1
1724,1
1725,1
1726,3
1727,1
1728,0
1729,1
1730,1
1731,0
1732,0
1733,1
1734,0
1735,0
1736,4
1737,4
1738,1
1739,0
1740,0
1741,0
1742,1
1743,0
1744,4
1745,4
1746,0
1747,1
1748,0
1749,0
1750,0
1751,0
1752,0
1753,4
1754,0
1755,0
1756,0
1757,1
1758,4
1759,5
1760,1
1761,0
1762,1
1763,0
1764,1
1765,1
1766,4
1767,0
1768,0
1769,1
1770,1
1771,4
1772,0
1773,0
1774,0
1775,0
1776,4
1777,1
1778,0
1779,0
1780,0
1781,4
1782,1
1783,0
1784,1
1785,0
1786,0
1787,1
1788,0
1789,0
1790,3
1791,1
1792,1
1793,0
1794,1
1795,0
1796,1
1797,0
1798,0
1799,4
1800,4
1801,0
1802,1
1803,1
1804,3
1805,1
1806,0
1807,0
1808,1
1809,0
1810,1
1811,0
1812,4
1813,0
1814,0
1815,1
1816,1
1817,0
1818,4
1819,1
1820,0
1821,0
1822,0
1823,0
1824,5
1825,0
1826,0
1827,4
1828,0
1829,0
1830,4
1831,0
1832,2
1833,4
1834,1
1835,0
1836,0
1837,4
1838,4
1839,1
1840,5
1841,3
1842,3
1843,0
1844,0
1845,0
1846,1
1847,4
1848,4
1849,1
1850,0
1851,1
1852,0
1853,1
1854,1
1855,0
1856,0
1857,0
1858,1
1859,4
1860,1
1861,0
1862,0
1863,0
1864,1
1865,4
1866,3
1867,0
1868,1
1869,0
1870,1
1871,0
1872,1
1873,0
1874,4
1875,0
1876,1
1877,0
1878,0
1879,4
1880,4
1881,1
1882,1
1883,1
1884,0
1885,0
1886,0
1887,0
1888,1
1889,0
1890,0
1891,1
1892,1
1893,0
1894,4
1895,0
1896,1
1897,0
1898,0
1899,0
1900,1
1901,0
1902,0
1903,0
1904,0
1905,1
1906,0
1907,1
1908,0
1909,1
1910,4
1911,0
1912,1
1913,1
1914,0
1915,4
1916,1
1917,1
1918,1
1919,0
1920,4
1921,1
1922,1
1923,1
1924,1
1925,0
1926,1
1927,1
1928,0
1929,0
1930,1
1931,1
1932,0
1933,1
1934,0
1935,0
1936,3
1937,1
1938,0
1939,0
1940,1
1941,1
1942,1
1943,0
1944,3
1945,0
1946,0
1947,0
1948,0
1949,1
1950,0
1951,0
1952,0
1953,1
1954,1
1955,0
1956,0
1957,4
1958,1
1959,0
1960,0
1961,0
1962,0
1963,1
1964,1
1965,0
1966,0
1967,4
1968,0
1969,4
1970,1
1971,0
1972,0
1973,0
1974,1
1975,4
1976,0
1977,0
1978,0
1979,0
1980,0
1981,1
1982,0
1983,1
1984,0
1985,0
1986,4
1987,0
1988,0
1989,0
1990,4
1991,4
1992,1
1993,1
1994,3
1995,1
1996,0
1997,1
1998,0
1999,0
2000,0
2001,1
2002,1
2003,1
2004,1
2005,0
2006,1
2007,1
2008,1
2009,1
2010,1
2011,1
2012,1
2013,4
2014,0
2015,4
2016,1
2017,1
2018,5
2019,4
2020,1
2021,1
2022,0
2023,0
2024,0
2025,0
2026,4
2027,0
2028,1
2029,0
2030,1
2031,0
2032,0
2033,1
2034,0
2035,0
2036,1
2037,1
2038,4
2039,0
2040,0
2041,1
2042,0
2043,1
2044,1
2045,1
2046,0
2047,0
2048,4
2049,0
2050,0
2051,0
2052,3
2053,0
2054,0
2055,4
2056,0
2057,0
2058,1
2059,4
2060,4
2061,0
2062,1
2063,1
2064,1
2065,0
2066,4
2067,0
2068,0
2069,1
2070,0
2071,0
2072,1
2073,3
2074,0
2075,4
2076,1
2077,0
2078,1
2079,1
2080,1
2081,1
2082,4
2083,1
2084,0
2085,0
2086,0
2087,5
2088,3
2089,1
2090,1
2091,0
2092,1
2093,0
2094,0
2095,0
2096,3
2097,5
2098,0
2099,0
2100,0
2101,1
2102,1
2103,0
2104,1
2105,0
2106,1
2107,1
2108,1
2109,1
2110,3
2111,0
2112,1
2113,1
2114,1
2115,5
2116,3
2117,3
2118,4
2119,0
2120,0
2121,1
2122,4
2123,0
2124,0
2125,4
2126,1
2127,1
2128,4
2129,0
2130,1
2131,0
2132,0
2133,1
2134,1
2135,1
2136,1
2137,3
2138,0
2139,1
2140,1
2141,0
2142,4
2143,1
2144,0
2145,1
2146,0
2147,1
2148,5
2149,0
2150,1
2151,0
2152,1
2153,4
2154,1
2155,4
2156,4
2157,0
2158,0
2159,0
2160,0
2161,3
2162,1
2163,5
2164,1
2165,0
2166,1
2167,0
2168,0
2169,1
2170,4
2171,3
2172,1
2173,1
2174,1
2175,4
2176,0
2177,0
2178,0
2179,0
2180,1
2181,5
2182,0
2183,1
2184,1
2185,3
2186,3
2187,0
2188,4
2189,1
2190,1
2191,4
2192,0
2193,1
2194,1
2195,1
2196,4
2197,4
2198,0
2199,0
2200,0
2201,1
2202,1
2203,1
2204,1
2205,0
2206,0
2207,4
2208,1
2209,1
2210,0
2211,0
2212,0
2213,1
2214,0
2215,4
2216,1
2217,0
2218,4
2219,4
2220,0
2221,1
2222,3
2223,0
2224,1
2225,0
2226,0
2227,0
2228,1
2229,4
2230,3
2231,3
2232,0
2233,1
2234,4
2235,0
2236,0
2237,0
2238,0
2239,1
2240,1
2241,0
2242,1
2243,1
2244,0
2245,2
2246,0
2247,0
2248,1
2249,1
2250,0
2251,0
2252,0
2253,1
2254,1
2255,1
2256,0
2257,4
2258,0
2259,0
2260,4
2261,0
2262,1
2263,1
2264,0
2265,0
2266,0
2267,1
2268,1
2269,1
2270,4
2271,4
2272,5
2273,0
2274,1
2275,1
2276,0
2277,0
2278,0
2279,1
2280,0
2281,0
2282,1
2283,1
2284,1
2285,5
2286,0
2287,0
2288,1
2289,1
2290,0
2291,4
2292,1
2293,0
2294,4
2295,1
2296,1
2297,1
2298,1
2299,1
2300,4
2301,1
2302,1
2303,0
2304,0
2305,1
2306,0
2307,0
2308,4
2309,4
2310,0
2311,1
2312,0
2313,1
2314,0
2315,0
2316,3
2317,0
2318,0
2319,0
2320,0
2321,0
2322,0
2323,0
2324,2
2325,0
2326,0
2327,0
2328,4
2329,3
2330,0
2331,1
2332,1
2333,1
2334,4
2335,1
2336,0
2337,1
2338,1
2339,4
2340,3
2341,0
2342,0
2343,0
2344,0
2345,3
2346,0
2347,1
2348,0
2349,5
2350,0
2351,1
2352,1
2353,3
2354,0
2355,5
2356,1
2357,1
2358,3
2359,1
2360,0
2361,0
2362,4
2363,4
2364,0
2365,0
2366,0
2367,0
2368,1
2369,4
2370,4
2371,0
2372,0
2373,4
2374,4
2375,0
2376,1
2377,1
2378,0
2379,0
2380,1
2381,1
2382,0
2383,1
2384,4
2385,1
2386,0
2387,1
2388,0
2389,0
2390,0
2391,0
2392,4
2393,0
2394,1
2395,1
2396,0
2397,0
2398,0
2399,0
2400,0
2401,0
2402,1
2403,3
2404,1
2405,1
2406,4
2407,1
2408,2
2409,0
2410,1
2411,0
2412,5
2413,0
2414,4
2415,1
2416,1
2417,1
2418,1
2419,1
2420,1
2421,1
2422,1
2423,0
2424,5
2425,0
2426,1
2427,5
2428,0
2429,1
2430,0
2431,1
2432,3
2433,0
2434,0
2435,0
2436,0
2437,4
2438,0
2439,1
2440,0
2441,1
2442,0
2443,4
2444,1
2445,0
2446,1
2447,0
2448,1
2449,1
2450,0
2451,0
2452,0
2453,0
2454,0
2455,0
2456,0
2457,1
2458,0
2459,4
2460,1
2461,0
2462,0
2463,0
2464,1
2465,0
2466,0
2467,5
2468,4
2469,4
2470,1
2471,0
2472,5
2473,1
2474,1
2475,1
2476,1
2477,0
2478,1
2479,1
2480,4
2481,1
2482,5
2483,0
2484,4
2485,1
2486,0
2487,0
2488,0
2489,0
2490,0
2491,0
2492,3
2493,0
2494,1
2495,1
2496,0
2497,4
2498,1
2499,1
2500,1
2501,1
2502,0
2503,3
2504,4
2505,0
2506,0
2507,0
2508,5
2509,1
2510,1
2511,1
2512,0
2513,0
2514,0
2515,1
2516,0
2517,0
2518,1
2519,1
2520,1
2521,0
2522,1
2523,1
2524,4
2525,1
2526,0
2527,1
2528,0
2529,0
2530,3
2531,1
2532,0
2533,1
2534,0
2535,1
2536,5
2537,0
2538,0
2539,0
2540,0
2541,0
2542,0
2543,0
2544,0
2545,5
2546,1
2547,4
2548,0
2549,0
2550,1
2551,0
2552,0
2553,3
2554,0
2555,1
2556,0
2557,0
2558,1
2559,5
2560,5
2561,1
2562,1
2563,5
2564,0
2565,5
2566,1
2567,0
2568,0
2569,0
2570,0
2571,1
2572,0
2573,0
2574,1
2575,1
2576,4
2577,1
2578,1
2579,0
2580,0
2581,4
2582,1
2583,0
2584,0
2585,1
2586,0
2587,1
2588,4
2589,0
2590,0
2591,1
2592,1
2593,0
2594,5
2595,1
2596,1
2597,0
2598,4
2599,1
2600,0
2601,4
2602,0
2603,3
2604,0
2605,1
2606,1
2607,4
2608,0
2609,1
2610,4
2611,0
2612,1
2613,1
2614,1
2615,1
2616,1
2617,5
2618,1
2619,0
2620,1
2621,0
2622,0
2623,0
2624,1
2625,0
2626,1
2627,0
2628,0
2629,4
2630,1
2631,1
2632,0
2633,1
2634,2
2635,1
2636,1
2637,0
2638,0
2639,1
2640,1
2641,4
2642,1
2643,0
2644,0
2645,0
2646,1
2647,3
2648,1
2649,1
2650,0
2651,1
2652,1
2653,1
2654,0
2655,4
2656,1
2657,0
2658,0
2659,0
2660,0
2661,0
2662,1
2663,1
2664,1
2665,0
2666,1
2667,1
2668,0
2669,0
2670,0
2671,0
2672,0
2673,0
2674,1
2675,4
2676,4
2677,1
2678,1
2679,1
2680,5
2681,3
2682,1
2683,1
2684,0
2685,4
2686,1
2687,1
2688,1
2689,1
2690,0
2691,0
2692,4
2693,4
2694,1
2695,0
2696,1
2697,1
2698,3
2699,0
2700,0
2701,1
2702,1
2703,0
2704,1
2705,0
2706,1
2707,1
2708,0
2709,0
2710,1
2711,0
2712,0
2713,0
2714,1
2715,4
2716,4
2717,3
2718,1
2719,4
2720,3
2721,0
2722,1
2723,1
2724,0
2725,1
2726,1
2727,1
2728,1
2729,0
2730,1
2731,0
2732,3
2733,4
2734,1
2735,1
2736,1
2737,0
2738,1
2739,1
2740,4
2741,0
2742,1
2743,0
2744,0
2745,4
2746,0
2747,3
2748,0
2749,1
2750,0
2751,0
2752,0
2753,1
2754,1
2755,1
2756,1
2757,1
2758,1
2759,1
2760,0
2761,0
2762,0
2763,1
2764,4
2765,5
2766,1
2767,1
2768,1
2769,1
2770,1
2771,1
2772,5
2773,0
2774,0
2775,1
2776,3
2777,1
2778,1
2779,0
2780,1
2781,0
2782,0
2783,5
2784,5
2785,1
2786,0
2787,0
2788,0
2789,0
2790,0
2791,0
2792,1
2793,0
2794,0
2795,0
2796,1
2797,0
2798,2
2799,0
2800,1
2801,1
2802,0
2803,0
2804,4
2805,1
2806,0
2807,1
2808,4
2809,0
2810,5
2811,0
2812,1
2813,0
2814,0
2815,1
2816,0
2817,4
2818,5
2819,0
2820,0
2821,4
2822,1
2823,4
2824,0
2825,0
2826,4
2827,5
2828,3
2829,0
2830,0
2831,0
2832,0
2833,0
2834,0
2835,0
2836,0
2837,0
2838,4
2839,0
2840,1
2841,1
2842,1
2843,0
2844,0
2845,0
2846,0
2847,1
2848,4
2849,1
2850,0
2851,0
2852,5
2853,0
2854,0
2855,0
2856,0
2857,1
2858,1
2859,0
2860,1
2861,1
2862,1
2863,5
2864,5
2865,5
2866,1
2867,1
2868,0
2869,3
2870,0
2871,0
2872,0
2873,0
2874,0
2875,1
2876,0
2877,1
2878,0
2879,3
2880,1
2881,0
2882,1
2883,5
2884,0
2885,0
2886,4
2887,3
2888,0
2889,0
2890,1
2891,1
2892,4
2893,0
2894,5
2895,4
2896,4
2897,4
2898,1
2899,1
2900,1
2901,0
2902,1
2903,1
2904,0
2905,1
2906,1
2907,1
2908,0
2909,4
2910,4
2911,1
2912,4
2913,0
2914,0
2915,3
2916,0
2917,1
2918,0
2919,0
2920,4
2921,0
2922,1
2923,1
2924,1
2925,4
2926,4
2927,0
2928,1
2929,4
2930,1
2931,0
2932,0
2933,1
2934,0
2935,1
2936,0
2937,1
2938,0
2939,1
2940,0
2941,1
2942,0
2943,4
2944,1
2945,1
2946,1
2947,1
2948,1
2949,1
2950,0
2951,1
2952,1
2953,1
2954,1
2955,0
2956,0
2957,1
2958,1
2959,1
2960,1
2961,1
2962,1
2963,1
2964,1
2965,0
2966,1
2967,0
2968,1
2969,5
2970,0
2971,0
2972,1
2973,5
2974,3
2975,5
2976,1
2977,0
2978,1
2979,1
2980,3
2981,1
2982,0
2983,1
2984,1
2985,1
2986,0
2987,5
2988,4
2989,0
2990,1
2991,1
2992,1
2993,0
2994,0
2995,0
2996,1
2997,0
2998,1
2999,0
3000,1
3001,0
3002,4
3003,0
3004,1
3005,4
3006,0
3007,0
3008,1
3009,4
3010,4
3011,1
3012,1
3013,0
3014,0
3015,0
3016,1
3017,0
3018,0
3019,4
3020,0
3021,1
3022,0
3023,4
3024,1
3025,0
3026,1
3027,1
3028,0
3029,5
3030,1
3031,1
3032,0
3033,0
3034,4
3035,1
3036,1
3037,1
3038,0
3039,0
3040,0
3041,3
3042,0
3043,5
3044,1
3045,1
3046,4
3047,0
3048,4
3049,0
3050,5
3051,5
3052,1
3053,0
3054,1
3055,4
3056,4
3057,4
3058,4
3059,1
3060,2
3061,5
3062,1
3063,0
3064,1
3065,5
3066,1
3067,0
3068,3
3069,1
3070,3
3071,1
3072,1
3073,0
3074,0
3075,5
3076,0
3077,1
3078,1
3079,1
3080,4
3081,1
3082,0
3083,1
3084,1
3085,1
3086,1
3087,1
3088,0
3089,1
3090,4
3091,1
3092,0
3093,1
3094,0
3095,5
3096,0
3097,0
3098,1
3099,1
3100,5
3101,0
3102,3
3103,0
3104,0
3105,0
3106,1
3107,1
3108,1
3109,0
3110,0
3111,0
3112,1
3113,1
3114,1
3115,0
3116,3
3117,0
3118,5
3119,1
3120,0
3121,0
3122,5
3123,0
3124,3
3125,1
3126,0
3127,1
3128,1
3129,0
3130,1
3131,1
3132,5
3133,4
3134,5
3135,0
3136,0
3137,0
3138,0
3139,0
3140,0
3141,0
3142,1
3143,1
3144,1
3145,1
3146,0
3147,0
3148,0
3149,1
3150,1
3151,0
3152,1
3153,0
3154,1
3155,1
3156,1
3157,1
3158,1
3159,0
3160,0
3161,0
3162,5
3163,3
3164,5
3165,3
3166,1
3167,1
3168,1
3169,0
3170,0
3171,1
3172,0
3173,1
3174,3
3175,0
3176,1
3177,0
3178,0
3179,1
3180,5
3181,0
3182,0
3183,0
3184,1
3185,1
3186,1
3187,1
3188,4
3189,0
3190,0
3191,5
3192,1
3193,1
3194,5
3195,4
3196,2
3197,1
3198,0
3199,5
3200,0
3201,1
3202,0
3203,0
3204,0
3205,5
3206,1
3207,1
3208,3
3209,1
3210,1
3211,0
3212,0
3213,3
3214,1
3215,0
3216,1
3217,1
3218,1
3219,5
3220,5
3221,0
3222,0
3223,5
3224,1
3225,0
3226,0
3227,0
3228,1
3229,1
3230,0
3231,0
3232,1
3233,1
3234,4
3235,1
3236,0
3237,0
3238,0
3239,1
3240,1
3241,0
3242,5
3243,0
3244,4
3245,0
3246,1
3247,4
3248,1
3249,1
3250,0
3251,0
3252,1
3253,0
3254,1
3255,0
3256,0
3257,0
3258,1
3259,1
3260,1
3261,0
3262,0
3263,3
3264,1
3265,1
3266,1
3267,1
3268,0
3269,1
3270,4
3271,1
3272,0
3273,0
3274,0
3275,0
3276,1
3277,4
3278,1
3279,1
3280,0
3281,0
3282,0
3283,0
3284,4
3285,4
3286,5
3287,0
3288,0
3289,1
3290,0
3291,1
3292,1
3293,0
3294,5
3295,1
3296,0
3297,0
3298,5
3299,0
3300,0
3301,1
3302,5
3303,1
3304,0
3305,0
3306,0
3307,5
3308,0
3309,1
3310,1
3311,1
3312,0
3313,0
3314,0
3315,1
3316,1
3317,0
3318,0
3319,0
3320,1
3321,1
3322,0
3323,3
3324,5
3325,1
3326,0
3327,1
3328,3
3329,0
3330,5
3331,0
3332,0
3333,1
3334,1
3335,1
3336,0
3337,1
3338,5
3339,1
3340,1
3341,0
3342,1
3343,3
3344,1
3345,1
3346,4
3347,1
3348,5
3349,4
3350,1
3351,1
3352,0
3353,1
3354,1
3355,5
3356,1
3357,1
3358,1
3359,1
3360,0
3361,0
3362,1
3363,1
3364,1
3365,1
3366,4
3367,0
3368,4
3369,1
3370,4
3371,0
3372,0
3373,0
3374,0
3375,1
3376,4
3377,0
3378,0
3379,4
3380,4
3381,0
3382,1
3383,0
3384,4
3385,4
3386,1
3387,1
3388,0
3389,0
3390,1
3391,1
3392,0
3393,0
3394,0
3395,5
3396,5
3397,0
3398,0
3399,5
3400,1
3401,1
3402,0
3403,1
3404,1
3405,3
3406,4
3407,5
3408,1
3409,0
3410,1
3411,4
3412,0
3413,1
3414,1
3415,1
3416,1
3417,1
3418,4
3419,1
3420,1
3421,1
3422,0
3423,0
3424,0
3425,0
3426,1
3427,1
3428,1
3429,0
3430,0
3431,0
3432,4
3433,0
3434,0
3435,1
3436,4
3437,1
3438,0
3439,0
3440,0
3441,1
3442,0
3443,1
3444,1
3445,1
3446,0
3447,1
3448,1
3449,1
3450,0
3451,1
3452,0
3453,1
3454,1
3455,0
3456,1
3457,0
3458,1
3459,4
3460,1
3461,1
3462,0
3463,1
3464,1
3465,3
3466,1
3467,0
3468,0
3469,5
3470,0
3471,0
3472,1
3473,0
3474,1
3475,1
3476,1
3477,5
3478,0
3479,4
3480,0
3481,4
3482,1
3483,0
3484,1
3485,0
3486,1
3487,5
3488,0
3489,0
3490,0
3491,0
3492,1
3493,1
3494,0
3495,1
3496,5
3497,0
3498,0
3499,1
3500,1
3501,4
3502,0
3503,0
3504,0
3505,0
3506,0
3507,1
3508,0
3509,0
3510,0
3511,0
3512,4
3513,1
3514,0
3515,1
3516,0
3517,1
3518,1
3519,0
3520,1
3521,1
3522,4
3523,3
3524,1
3525,0
3526,1
3527,0
3528,0
3529,5
3530,0
3531,1
3532,1
3533,0
3534,0
3535,1
3536,1
3537,1
3538,1
3539,0
3540,4
3541,1
3542,1
3543,0
3544,0
3545,1
3546,1
3547,5
3548,5
3549,0
3550,1
3551,0
3552,5
3553,5
3554,1
3555,0
3556,0
3557,0
3558,1
3559,1
3560,0
3561,1
3562,0
3563,0
3564,0
3565,0
3566,0
3567,5
3568,0
3569,1
3570,1
3571,0
3572,0
3573,1
3574,4
3575,0
3576,0
3577,3
3578,5
3579,1
3580,0
3581,5
3582,1
3583,0
3584,5
3585,1
3586,1
3587,1
3588,0
3589,1
3590,1
3591,0
3592,1
3593,3
3594,1
3595,0
3596,5
3597,4
3598,4
3599,1
3600,1
3601,4
3602,1
3603,1
3604,5
3605,1
3606,0
3607,1
3608,5
3609,1
3610,4
3611,1
3612,0
3613,0
3614,4
3615,3
3616,5
3617,1
3618,5
3619,0
3620,1
3621,1
3622,1
3623,1
3624,5
3625,1
3626,5
3627,1
3628,1
3629,5
3630,3
3631,1
3632,5
3633,1
3634,3
3635,1
3636,0
3637,0
3638,3
3639,1
3640,0
3641,0
3642,1
3643,1
3644,5
3645,0
3646,0
3647,1
3648,0
3649,1
3650,5
3651,5
3652,1
3653,0
3654,1
3655,0
3656,1
3657,0
3658,0
3659,0
3660,1
3661,5
3662,4
3663,1
3664,5
3665,0
3666,4
3667,0
3668,1
3669,1
3670,5
3671,0
3672,1
3673,1
3674,5
3675,0
3676,0
3677,0
3678,0
3679,0
3680,1
3681,1
3682,0
3683,0
3684,4
3685,5
3686,5
3687,0
3688,0
3689,4
3690,1
3691,4
3692,4
3693,1
3694,0
3695,0
3696,1
3697,0
3698,1
3699,1
3700,1
3701,0
3702,0
3703,3
3704,4
3705,3
3706,5
3707,1
3708,1
3709,4
3710,0
3711,1
3712,1
3713,4
3714,0
3715,0
3716,1
3717,5
3718,1
3719,0
3720,1
3721,0
3722,0
3723,5
3724,0
3725,0
3726,1
3727,1
3728,0
3729,0
3730,1
3731,4
3732,1
3733,4
3734,1
3735,0
3736,1
3737,1
3738,1
3739,1
3740,1
3741,1
3742,0
3743,0
3744,1
3745,0
3746,0
3747,1
3748,4
3749,4
3750,1
3751,1
3752,0
3753,1
3754,0
3755,1
3756,1
3757,4
3758,0
3759,0
3760,5
3761,0
3762,0
3763,5
3764,1
3765,4
3766,5
3767,1
3768,5
3769,0
3770,1
3771,4
3772,0
3773,1
3774,0
3775,0
3776,0
3777,1
3778,0
3779,0
3780,3
3781,0
3782,0
3783,0
3784,1
3785,1
3786,1
3787,0
3788,1
3789,1
3790,1
3791,5
3792,4
3793,1
3794,1
3795,1
3796,0
3797,4
3798,0
3799,0
3800,1
3801,0
3802,1
3803,1
3804,5
3805,0
3806,5
3807,1
3808,1
3809,4
3810,1
3811,1
3812,0
3813,4
3814,1
3815,0
3816,0
3817,1
3818,0
3819,1
3820,4
3821,0
3822,0
3823,1
3824,0
3825,5
3826,1
3827,0
3828,2
3829,1
3830,0
3831,4
3832,0
3833,0
3834,1
3835,0
3836,0
3837,1
3838,1
3839,0
3840,5
3841,5
3842,1
3843,1
3844,0
3845,1
3846,1
3847,0
3848,1
3849,1
3850,5
3851,0
3852,1
3853,5
3854,0
3855,1
3856,1
3857,2
3858,1
3859,1
3860,0
3861,0
3862,0
3863,1
3864,0
3865,1
3866,5
3867,0
3868,0
3869,5
3870,0
3871,0
3872,1
3873,1
3874,1
3875,1
3876,1
3877,5
3878,1
3879,1
3880,1
3881,1
3882,5
3883,0
3884,0
3885,1
3886,1
3887,1
3888,5
3889,0
3890,0
3891,5
3892,0
3893,5
3894,0
3895,0
3896,1
3897,4
3898,0
3899,1
3900,3
3901,0
3902,0
3903,5
3904,4
3905,1
3906,0
3907,5
3908,5
3909,1
3910,1
3911,1
3912,3
3913,0
3914,1
3915,5
3916,0
3917,1
3918,5
3919,1
3920,0
3921,0
3922,2
3923,4
3924,4
3925,0
3926,0
3927,1
3928,4
3929,0
3930,1
3931,4
3932,0
3933,0
3934,0
3935,5
3936,0
3937,0
3938,0
3939,1
3940,1
3941,0
3942,5
3943,1
3944,0
3945,5
3946,1
3947,0
3948,0
3949,2
3950,1
3951,0
3952,0
3953,1
3954,1
3955,1
3956,1
3957,5
3958,4
3959,1
3960,1
3961,1
3962,1
3963,1
3964,5
3965,0
3966,1
3967,5
3968,1
3969,1
3970,0
3971,1
3972,5
3973,5
3974,1
3975,5
3976,0
3977,0
3978,5
3979,0
3980,5
3981,5
3982,0
3983,1
3984,0
3985,0
3986,0
3987,5
3988,1
3989,1
3990,5
3991,0
3992,0
3993,0
3994,0
3995,0
3996,0
3997,3
3998,1
3999,4
4000,5
4001,1
4002,0
4003,4
4004,0
4005,5
4006,4
4007,0
4008,1
4009,2
4010,0
4011,5
4012,5
4013,1
4014,0
4015,1
4016,5
4017,5
4018,5
4019,5
4020,1
4021,4
4022,4
4023,4
4024,5
4025,0
4026,1
4027,1
4028,0
4029,1
4030,4
4031,5
4032,0
4033,1
4034,0
4035,0
4036,0
4037,1
4038,0
4039,1
4040,0
4041,5
4042,0
4043,1
4044,1
4045,0
4046,1
4047,1
4048,1
4049,1
4050,1
4051,1
4052,0
4053,4
4054,1
4055,0
4056,0
4057,1
4058,1
4059,0
4060,5
4061,0
4062,1
4063,4
4064,1
4065,0
4066,0
4067,1
4068,0
4069,5
4070,0
4071,5
4072,0
4073,0
4074,5
4075,4
4076,1
4077,5
4078,0
4079,4
4080,1
4081,0
4082,1
4083,1
4084,5
4085,3
4086,0
4087,1
4088,1
4089,1
4090,1
4091,0
4092,5
4093,1
4094,1
4095,5
4096,5
4097,2
4098,1
4099,1
4100,1
4101,1
4102,1
4103,0
4104,0
4105,5
4106,1
4107,4
4108,4
4109,5
4110,0
4111,0
4112,1
4113,1
4114,0
4115,0
4116,1
4117,0
4118,0
4119,5
4120,1
4121,0
4122,5
4123,1
4124,1
4125,0
4126,1
4127,0
4128,2
4129,5
4130,0
4131,1
4132,1
4133,1
4134,0
4135,0
4136,0
4137,1
4138,1
4139,0
4140,0
4141,4
4142,5
4143,1
4144,1
4145,0
4146,0
4147,0
4148,0
4149,1
4150,1
4151,0
4152,0
4153,0
4154,1
4155,0
4156,0
4157,1
4158,0
4159,1
4160,1
4161,3
4162,1
4163,5
4164,0
4165,0
4166,0
4167,0
4168,0
4169,0
4170,1
4171,5
4172,5
4173,0
4174,0
4175,0
4176,1
4177,5
4178,0
4179,1
4180,0
4181,0
4182,1
4183,1
4184,3
4185,5
4186,1
4187,1
4188,0
4189,1
4190,5
4191,4
4192,0
4193,0
4194,1
4195,1
4196,0
4197,0
4198,5
4199,0
4200,5
4201,5
4202,3
4203,0
4204,0
4205,0
4206,1
4207,0
4208,1
4209,1
4210,1
4211,5
4212,0
4213,0
4214,0
4215,1
4216,0
4217,0
4218,1
4219,1
4220,0
4221,1
4222,1
4223,3
4224,5
4225,0
4226,1
4227,0
4228,1
4229,0
4230,0
4231,1
4232,5
4233,3
4234,1
4235,1
4236,0
4237,1
4238,0
4239,5
4240,1
4241,5
4242,0
4243,1
4244,1
4245,1
4246,5
4247,1
4248,0
4249,3
4250,5
4251,0
4252,0
4253,1
4254,0
4255,0
4256,5
4257,5
4258,0
4259,1
4260,0
4261,0
4262,5
4263,0
4264,1
4265,4
4266,3
4267,0
4268,5
4269,5
4270,0
4271,0
4272,0
4273,0
4274,0
4275,4
4276,0
4277,3
4278,1
4279,0
4280,5
4281,1
4282,1
4283,1
4284,0
4285,5
4286,0
4287,4
4288,1
4289,0
4290,0
4291,1
4292,4
4293,5
4294,0
4295,0
4296,1
4297,1
4298,0
4299,5
4300,4
4301,0
4302,4
4303,1
4304,1
4305,3
4306,1
4307,1
4308,0
4309,1
4310,1
4311,1
4312,1
4313,0
4314,0
4315,5
4316,5
4317,1
4318,1
4319,5
4320,1
4321,5
4322,0
4323,5
4324,1
4325,5
4326,0
4327,3
4328,4
4329,4
4330,5
4331,4
4332,1
4333,5
4334,5
4335,5
4336,5
4337,1
4338,0
4339,4
4340,5
4341,3
4342,5
4343,0
4344,5
4345,1
4346,0
4347,0
4348,0
4349,5
4350,1
4351,1
4352,5
4353,0
4354,5
4355,0
4356,0
4357,1
4358,0
4359,1
4360,0
4361,0
4362,0
4363,0
4364,0
4365,5
4366,0
4367,5
4368,0
4369,1
4370,1
4371,1
4372,0
4373,0
4374,0
4375,3
4376,1
4377,0
4378,3
4379,1
4380,1
4381,5
4382,1
4383,0
4384,0
4385,1
4386,5
4387,0
4388,1
4389,1
4390,1
4391,5
4392,1
4393,0
4394,1
4395,0
4396,0
4397,1
4398,0
4399,1
4400,1
4401,5
4402,0
4403,1
4404,0
4405,0
4406,5
4407,5
4408,1
4409,0
4410,1
4411,1
4412,1
4413,0
4414,0
4415,5
4416,4
4417,1
4418,1
4419,1
4420,0
4421,0
4422,0
4423,1
4424,5
4425,1
4426,1
4427,5
4428,0
4429,5
4430,5
4431,1
4432,1
4433,5
4434,5
4435,1
4436,0
4437,1
4438,1
4439,5
4440,1
4441,1
4442,1
4443,0
4444,1
4445,1
4446,5
4447,5
4448,0
4449,1
4450,0
4451,4
4452,0
4453,5
4454,0
4455,0
4456,4
4457,1
4458,0
4459,3
4460,0
4461,0
4462,0
4463,1
4464,0
4465,1
4466,1
4467,1
4468,0
4469,0
4470,0
4471,0
4472,5
4473,5
4474,5
4475,1
4476,0
4477,5
4478,0
4479,1
4480,0
4481,1
4482,1
4483,1
4484,5
4485,1
4486,5
4487,0
4488,1
4489,4
4490,5
4491,1
4492,5
4493,5
4494,1
4495,0
4496,4
4497,1
4498,0
4499,1
4500,0
4501,1
4502,1
4503,0
4504,0
4505,4
4506,1
4507,0
4508,4
4509,1
4510,4
4511,1
4512,1
4513,1
4514,1
4515,0
4516,5
4517,1
4518,5
4519,0
4520,0
4521,0
4522,4
4523,0
4524,1
4525,0
4526,1
4527,0
4528,0
4529,0
4530,1
4531,0
4532,3
4533,1
4534,0
4535,5
4536,1
4537,5
4538,5
4539,0
4540,5
4541,0
4542,0
4543,1
4544,1
4545,0
4546,1
4547,1
4548,1
4549,5
4550,4
4551,3
4552,1
4553,0
4554,4
4555,1
4556,1
4557,0
4558,5
4559,1
4560,1
4561,0
4562,5
4563,0
4564,1
4565,0
4566,0
4567,0
4568,5
4569,0
4570,4
4571,0
4572,1
4573,0
4574,0
4575,0
4576,0
4577,0
4578,0
4579,5
4580,0
4581,5
4582,5
4583,1
4584,0
4585,1
4586,4
4587,1
4588,1
4589,0
4590,0
4591,1
4592,1
4593,0
4594,5
4595,0
4596,1
4597,0
4598,5
4599,1
4600,3
4601,5
4602,0
4603,5
4604,5
4605,5
4606,5
4607,5
4608,0
4609,1
4610,1
4611,0
4612,0
4613,5
4614,0
4615,0
4616,1
4617,5
4618,4
4619,0
4620,5
4621,5
4622,1
4623,5
4624,5
4625,1
4626,0
4627,0
4628,0
4629,4
4630,0
4631,1
4632,0
4633,5
4634,0
4635,5
4636,5
4637,0
4638,0
4639,0
4640,1
4641,3
4642,1
4643,5
4644,1
4645,5
4646,0
4647,4
4648,0
4649,1
4650,4
4651,0
4652,0
4653,0
4654,0
4655,1
4656,1
4657,1
4658,5
4659,5
4660,1
4661,1
4662,0
4663,4
4664,0
4665,1
4666,0
4667,5
4668,5
4669,0
4670,0
4671,4
4672,1
4673,0
4674,1
4675,1
4676,5
4677,4
4678,1
4679,0
4680,1
4681,0
4682,0
4683,1
4684,1
4685,4
4686,4
4687,0
4688,1
4689,1
4690,1
4691,0
4692,5
4693,0
4694,0
4695,1
4696,5
4697,1
4698,0
4699,0
4700,1
4701,1
4702,0
4703,1
4704,1
4705,1
4706,5
4707,3
4708,1
4709,1
4710,1
4711,5
4712,5
4713,0
4714,4
4715,0
4716,2
4717,1
4718,0
4719,1
4720,1
4721,0
4722,1
4723,0
4724,1
4725,0
4726,0
4727,0
4728,5
4729,5
4730,1
4731,1
4732,5
4733,0
4734,5
4735,5
4736,5
4737,1
4738,0
4739,5
4740,1
4741,0
4742,5
4743,4
4744,1
4745,0
4746,5
4747,5
4748,5
4749,5
4750,0
4751,4
4752,4
4753,0
4754,0
4755,0
4756,1
4757,0
4758,0
4759,0
4760,1
4761,5
4762,0
4763,0
4764,0
4765,0
4766,0
4767,1
4768,0
4769,0
4770,1
4771,0
4772,0
4773,5
4774,3
4775,0
4776,5
4777,0
4778,5
4779,0
4780,1
4781,0
4782,1
4783,0
4784,3
4785,1
4786,0
4787,1
4788,0
4789,5
4790,5
4791,1
4792,1
4793,0
4794,4
4795,0
4796,0
4797,4
4798,4
4799,1
4800,0
4801,1
4802,0
4803,1
4804,0
4805,0
4806,0
4807,0
4808,3
4809,1
4810,1
4811,4
4812,3
4813,1
4814,4
4815,1
4816,1
4817,0
4818,1
4819,0
4820,1
4821,1
4822,0
4823,3
4824,5
4825,4
4826,0
4827,5
4828,0
4829,4
4830,0
4831,1
4832,4
4833,1
4834,0
4835,5
4836,1
4837,1
4838,1
4839,0
4840,5
4841,4
4842,0
4843,1
4844,1
4845,5
4846,5
4847,0
4848,1
4849,5
4850,1
4851,1
4852,0
4853,0
4854,1
4855,0
4856,5
4857,4
4858,5
4859,0
4860,0
4861,2
4862,0
4863,0
4864,5
4865,1
4866,1
4867,0
4868,1
4869,0
4870,1
4871,0
4872,0
4873,1
4874,0
4875,5
4876,1
4877,1
4878,1
4879,1
4880,0
4881,0
4882,0
4883,0
4884,1
4885,1
4886,0
4887,1
4888,0
4889,5
4890,5
4891,5
4892,0
4893,1
4894,5
4895,5
4896,0
4897,1
4898,4
4899,0
4900,0
4901,0
4902,1
4903,1
4904,0
4905,1
4906,1
4907,1
4908,5
4909,1
4910,0
4911,1
4912,0
4913,0
4914,1
4915,0
4916,1
4917,1
4918,0
4919,0
4920,1
4921,5
4922,3
4923,1
4924,0
4925,2
4926,1
4927,1
4928,3
4929,3
4930,0
4931,3
4932,0
4933,1
4934,0
4935,1
4936,1
4937,1
4938,1
4939,1
4940,5
4941,1
4942,0
4943,5
4944,3
4945,0
4946,1
4947,0
4948,5
4949,0
4950,0
4951,1
4952,1
4953,4
4954,0
4955,1
4956,4
4957,5
4958,5
4959,1
4960,0
4961,1
4962,4
4963,3
4964,1
4965,0
4966,0
4967,0
4968,1
4969,1
4970,1
4971,1
4972,1
4973,1
4974,0
4975,3
4976,1
4977,5
4978,5
4979,1
4980,3
4981,1
4982,1
4983,0
4984,1
4985,0
4986,0
4987,1
4988,2
4989,1
4990,2
4991,4
4992,3
4993,1
4994,4
4995,1
4996,1
4997,5
4998,0
4999,1
5000,3
5001,0
5002,1
5003,0
5004,0
5005,0
5006,1
5007,0
5008,1
5009,3
5010,0
5011,4
5012,5
5013,3
5014,0
5015,1
5016,1
5017,0
5018,1
5019,1
5020,0
5021,0
5022,0
5023,1
5024,5
5025,1
5026,0
5027,0
5028,0
5029,5
5030,0
5031,5
5032,0
5033,0
5034,1
5035,0
5036,0
5037,0
5038,1
5039,1
5040,0
5041,1
5042,3
5043,5
5044,0
5045,0
5046,1
5047,1
5048,0
5049,1
5050,1
5051,3
5052,1
5053,5
5054,4
5055,1
5056,0
5057,0
5058,0
5059,0
5060,0
5061,1
5062,1
5063,4
5064,1
5065,1
5066,1
5067,1
5068,1
5069,1
5070,5
5071,3
5072,0
5073,5
5074,0
5075,1
5076,5
5077,0
5078,1
5079,5
5080,0
5081,0
5082,0
5083,0
5084,1
5085,1
5086,1
5087,1
5088,1
5089,1
5090,1
5091,1
5092,1
5093,5
5094,3
5095,1
5096,5
5097,4
5098,1
5099,3
5100,5
5101,1
5102,4
5103,1
5104,5
5105,0
5106,5
5107,1
5108,0
5109,1
5110,0
5111,5
5112,1
5113,1
5114,1
5115,1
5116,3
5117,0
5118,1
5119,0
5120,5
5121,5
5122,5
5123,4
5124,5
5125,4
5126,0
5127,1
5128,1
5129,1
5130,5
5131,0
5132,0
5133,0
5134,0
5135,0
5136,5
5137,1
5138,1
5139,3
5140,0
5141,0
5142,1
5143,1
5144,0
5145,0
5146,4
5147,1
5148,0
5149,5
5150,1
5151,0
5152,0
5153,0
5154,0
5155,3
5156,1
5157,1
5158,0
5159,3
5160,0
5161,1
5162,3
5163,1
5164,1
5165,0
5166,0
5167,0
5168,4
5169,1
5170,0
5171,1
5172,1
5173,1
5174,0
5175,0
5176,1
5177,0
5178,0
5179,4
5180,0
5181,0
5182,1
5183,0
5184,1
5185,2
5186,0
5187,0
5188,1
5189,0
5190,5
5191,0
5192,0
5193,5
5194,0
5195,0
5196,0
5197,0
5198,0
5199,0
5200,0
5201,0
5202,1
5203,0
5204,0
5205,1
5206,1
5207,1
5208,4
5209,4
5210,0
5211,1
5212,1
5213,1
5214,0
5215,0
5216,0
5217,1
5218,1
5219,1
5220,1
5221,0
5222,0
5223,0
5224,3
5225,1
5226,0
5227,0
5228,4
5229,1
5230,1
5231,0
5232,1
5233,5
5234,0
5235,1
5236,1
5237,0
5238,1
5239,4
5240,3
5241,0
5242,1
5243,1
5244,0
5245,0
5246,5
5247,1
5248,0
5249,0
5250,0
5251,5
5252,1
5253,1
5254,1
5255,0
5256,0
5257,1
5258,0
5259,0
5260,0
5261,0
5262,5
5263,1
5264,0
5265,0
5266,1
5267,5
5268,1
5269,5
5270,0
5271,1
5272,3
5273,1
5274,0
5275,5
5276,4
5277,4
5278,1
5279,4
5280,0
5281,0
5282,1
5283,0
5284,0
5285,0
5286,0
5287,0
5288,0
5289,1
5290,0
5291,1
5292,1
5293,0
5294,0
5295,0
5296,1
5297,2
5298,1
5299,1
5300,4
5301,0
5302,0
5303,4
5304,1
5305,5
5306,1
5307,0
5308,1
5309,0
5310,1
5311,0
5312,0
5313,2
5314,0
5315,0
5316,1
5317,0
5318,5
5319,0
5320,0
5321,0
5322,4
5323,4
5324,1
5325,1
5326,5
5327,5
5328,5
5329,0
5330,1
5331,1
5332,1
5333,0
5334,1
5335,1
5336,1
5337,1
5338,0
5339,4
5340,3
5341,1
5342,0
5343,1
5344,0
5345,4
5346,0
5347,1
5348,0
5349,0
5350,0
5351,1
5352,0
5353,0
5354,0
5355,0
5356,0
5357,5
5358,0
5359,0
5360,1
5361,0
5362,0
5363,0
5364,0
5365,1
5366,0
5367,3
5368,5
5369,0
5370,1
5371,0
5372,0
5373,5
5374,0
5375,1
5376,0
5377,4
5378,4
5379,5
5380,0
5381,0
5382,5
5383,0
5384,1
5385,4
5386,0
5387,0
5388,5
5389,5
5390,4
5391,3
5392,3
5393,0
5394,1
5395,5
5396,1
5397,5
5398,0
5399,0
5400,5
5401,4
5402,5
5403,1
5404,1
5405,1
5406,0
5407,1
5408,1
5409,1
5410,0
5411,5
5412,1
5413,0
5414,0
5415,1
5416,4
5417,0
5418,0
5419,5
5420,0
5421,5
5422,1
5423,0
5424,0
5425,0
5426,0
5427,1
5428,0
5429,1
5430,5
5431,0
5432,5
5433,1
5434,1
5435,0
5436,5
5437,1
5438,0
5439,0
5440,1
5441,3
5442,0
5443,1
5444,1
5445,1
5446,0
5447,3
5448,1
5449,0
5450,5
5451,0
5452,0
5453,1
5454,0
5455,1
5456,0
5457,1
5458,0
5459,0
5460,0
5461,1
5462,0
5463,0
5464,1
5465,1
5466,1
5467,0
5468,1
5469,4
5470,1
5471,1
5472,0
5473,0
5474,1
5475,1
5476,5
5477,1
5478,1
5479,0
5480,0
5481,0
5482,0
5483,4
5484,1
5485,1
5486,5
5487,0
5488,1
5489,1
5490,3
5491,0
5492,1
5493,4
5494,4
5495,5
5496,1
5497,4
5498,1
5499,0
5500,5
5501,0
5502,1
5503,0
5504,1
5505,4
5506,5
5507,0
5508,0
5509,1
5510,5
5511,0
5512,1
5513,1
5514,1
5515,4
5516,0
5517,0
5518,3
5519,5
5520,5
5521,0
5522,5
5523,0
5524,4
5525,3
5526,1
5527,0
5528,5
5529,1
5530,1
5531,1
5532,0
5533,1
5534,1
5535,5
5536,0
5537,0
5538,1
5539,5
5540,1
5541,1
5542,1
5543,0
5544,1
5545,0
5546,1
5547,0
5548,0
5549,0
5550,1
5551,1
5552,4
5553,1
5554,4
5555,0
5556,1
5557,0
5558,1
5559,3
5560,4
5561,0
5562,0
5563,0
5564,1
5565,0
5566,1
5567,0
5568,1
5569,0
5570,0
5571,0
5572,0
5573,1
5574,1
5575,0
5576,1
5577,5
5578,5
5579,0
5580,5
5581,0
5582,0
5583,3
5584,0
5585,0
5586,1
5587,0
5588,5
5589,1
5590,1
5591,0
5592,0
5593,1
5594,1
5595,0
5596,0
5597,1
5598,1
5599,0
5600,1
5601,1
5602,1
5603,0
5604,3
5605,1
5606,0
5607,0
5608,0
5609,0
5610,5
5611,0
5612,0
5613,1
5614,0
5615,5
5616,1
5617,5
5618,1
5619,1
5620,0
5621,0
5622,0
5623,0
5624,0
5625,0
5626,0
5627,0
5628,0
5629,0
5630,5
5631,5
5632,0
5633,1
5634,0
5635,0
5636,0
5637,0
5638,1
5639,0
5640,1
5641,1
5642,0
5643,0
5644,1
5645,1
5646,0
5647,5
5648,4
5649,4
5650,1
5651,0
5652,0
5653,4
5654,0
5655,1
5656,5
5657,0
5658,0
5659,1
5660,0
5661,1
5662,3
5663,0
5664,0
5665,1
5666,5
5667,1
5668,0
5669,5
5670,0
5671,1
5672,1
5673,1
5674,1
5675,1
5676,1
5677,3
5678,1
5679,0
5680,0
5681,1
5682,5
5683,1
5684,0
5685,1
5686,0
5687,0
5688,0
5689,1
5690,0
5691,0
5692,5
5693,5
5694,1
5695,1
5696,1
5697,1
5698,3
5699,0
5700,1
5701,4
5702,1
5703,0
5704,4
5705,5
5706,0
5707,1
5708,1
5709,1
5710,1
5711,5
5712,2
5713,5
5714,5
5715,0
5716,0
5717,0
5718,3
5719,0
5720,1
5721,0
5722,1
5723,1
5724,2
5725,0
5726,0
5727,1
5728,1
5729,4
5730,0
5731,1
5732,0
5733,0
5734,5
5735,1
5736,1
5737,0
5738,0
5739,0
5740,0
5741,3
5742,1
5743,1
5744,0
5745,1
5746,1
5747,5
5748,1
5749,0
5750,3
5751,0
5752,0
5753,4
5754,0
5755,1
5756,1
5757,1
5758,5
5759,0
5760,0
5761,0
5762,0
5763,0
5764,0
5765,1
5766,5
5767,0
5768,1
5769,0
5770,0
5771,0
5772,0
5773,0
5774,1
5775,1
5776,0
5777,1
5778,0
5779,1
5780,1
5781,1
5782,0
5783,1
5784,1
5785,0
5786,4
5787,1
5788,1
5789,1
5790,0
5791,0
5792,5
5793,0
5794,1
5795,5
5796,1
5797,0
5798,0
5799,0
5800,5
5801,1
5802,1
5803,4
5804,5
5805,1
5806,5
5807,1
5808,1
5809,5
5810,0
5811,5
5812,1
5813,0
5814,1
5815,0
5816,1
5817,5
5818,0
5819,1
5820,0
5821,1
5822,4
5823,0
5824,5
5825,0
5826,0
5827,1
5828,1
5829,5
5830,1
5831,1
5832,0
5833,4
5834,0
5835,1
5836,1
5837,0
5838,0
5839,5
5840,0
5841,1
5842,1
5843,0
5844,1
5845,0
5846,1
5847,0
5848,0
5849,5
5850,0
5851,0
5852,1
5853,0
5854,1
5855,1
5856,1
5857,0
5858,5
5859,5
5860,0
5861,3
5862,4
5863,4
5864,1
5865,3
5866,3
5867,1
5868,1
5869,5
5870,0
5871,1
5872,3
5873,0
5874,1
5875,3
5876,0
5877,1
5878,1
5879,0
5880,1
5881,1
5882,1
5883,0
5884,1
5885,0
5886,5
5887,1
5888,1
5889,1
5890,1
5891,5
5892,1
5893,0
5894,5
5895,0
5896,1
5897,1
5898,5
5899,1
5900,1
5901,1
5902,1
5903,5
5904,1
5905,4
5906,4
5907,0
5908,1
5909,1
5910,2
5911,4
5912,1
5913,4
5914,1
5915,5
5916,3
5917,0
5918,0
5919,5
5920,1
5921,3
5922,1
5923,0
5924,0
5925,1
5926,0
5927,3
5928,5
5929,0
5930,4
5931,4
5932,5
5933,0
5934,0
5935,5
5936,1
5937,0
5938,1
5939,0
5940,0
5941,0
5942,1
5943,1
5944,4
5945,0
5946,0
5947,1
5948,0
5949,5
5950,4
5951,3
5952,0
5953,1
5954,0
5955,1
5956,0
5957,5
5958,5
5959,1
5960,0
5961,1
5962,0
5963,0
5964,0
5965,1
5966,0
5967,4
5968,1
5969,1
5970,0
5971,1
5972,0
5973,0
5974,0
5975,0
5976,1
5977,0
5978,0
5979,0
5980,5
5981,0
5982,0
5983,5
5984,1
5985,1
5986,1
5987,1
5988,0
5989,0
5990,5
5991,5
5992,1
5993,5
5994,1
5995,1
5996,1
5997,0
5998,1
5999,0